Model,accuracy,f1,auc,type
XGBoost(baseline),0.9108863198458574,0.9106238004972125,0.9904682420506938,Baseline
Hybrid(ML+Rule),0.910645472061657,0.9104220121709728,0.9897171215324937,Innovation 1
XGBoost+Interaction,0.9079961464354528,0.9075991920887929,0.989918620727068,Innovation 3
Stacking(raw),0.9123314065510597,0.9122082676094491,0.9894690608747431,Innovation 3
Stacking+Interaction,0.9096820809248555,0.9094097781575128,0.9889156890450718,Innovation 3
